{
    "metadata":{
        "generator":"io_three",
        "type":"BufferGeometry",
        "position":36,
        "normal":36,
        "version":3
    },
    "data":{
        "attributes":{
            "normal":{
                "array":[-2.22045e-14,-1,7.45058e-08,-2.22045e-14,-1,7.45058e-08,-2.22045e-14,-1,7.45058e-08,2.22044e-14,1,-7.45058e-08,2.22044e-14,1,-7.45058e-08,2.22044e-14,1,-7.45058e-08,1,-2.23517e-07,1.66533e-14,1,-2.23517e-07,1.66533e-14,1,-2.23517e-07,1.66533e-14,-7.45058e-08,-2.23517e-07,1,-7.45058e-08,-2.23517e-07,1,-7.45058e-08,-2.23517e-07,1,-1,-1.49012e-07,-2.6077e-07,-1,-1.49012e-07,-2.6077e-07,-1,-1.49012e-07,-2.6077e-07,2.6077e-07,1.49012e-07,-1,2.6077e-07,1.49012e-07,-1,2.6077e-07,1.49012e-07,-1,-5.55111e-15,-1,7.45058e-08,-5.55111e-15,-1,7.45058e-08,-5.55111e-15,-1,7.45058e-08,3.60822e-14,1,-7.45058e-08,3.60822e-14,1,-7.45058e-08,3.60822e-14,1,-7.45058e-08,1,3.35276e-07,5.58793e-07,1,3.35276e-07,5.58793e-07,1,3.35276e-07,5.58793e-07,-4.84288e-07,1.86264e-07,1,-4.84288e-07,1.86264e-07,1,-4.84288e-07,1.86264e-07,1,-1,-1.11759e-07,-2.23517e-07,-1,-1.11759e-07,-2.23517e-07,-1,-1.11759e-07,-2.23517e-07,2.23517e-07,1.11759e-07,-1,2.23517e-07,1.11759e-07,-1,2.23517e-07,1.11759e-07,-1],
                "type":"Float32Array",
                "itemSize":3
            },
            "position":{
                "array":[0.1,-0.1,-0.1,-0.1,-0.1,0.1,-0.1,-0.1,-0.1,-0.1,0.1,-0.1,0.1,0.1,0.1,0.1,0.1,-0.1,0.1,0.1,-0.1,0.1,-0.1,0.1,0.1,-0.1,-0.1,0.1,0.1,0.1,-0.1,-0.1,0.1,0.1,-0.1,0.1,-0.1,-0.1,0.1,-0.1,0.1,-0.1,-0.1,-0.1,-0.1,0.1,-0.1,-0.1,-0.1,0.1,-0.1,0.1,0.1,-0.1,0.1,-0.1,-0.1,0.1,-0.1,0.1,-0.1,-0.1,0.1,-0.1,0.1,-0.1,-0.1,0.1,0.1,0.1,0.1,0.1,0.1,0.1,-0.1,0.1,0.1,0.1,0.1,-0.1,0.1,0.1,0.1,0.1,-0.1,0.1,0.1,-0.1,-0.1,0.1,-0.1,-0.1,0.1,-0.1,0.1,0.1,-0.1,0.1,-0.1,0.1,-0.1,-0.1,-0.1,-0.1,-0.1,-0.1,0.1,-0.1],
                "type":"Float32Array",
                "itemSize":3
            }
        },
        "groups":[{
            "materialIndex":0,
            "start":0,
            "count":36
        }],
        "index":{
            "array":[0,1,2,3,4,5,6,7,8,9,10,11,12,13,14,15,16,17,18,19,20,21,22,23,24,25,26,27,28,29,30,31,32,33,34,35],
            "type":"Uint16Array",
            "itemSize":1
        }
    }
}